State_ID,State,Deaths,Age-adjusted Death Rate,Year,Cause Name,113 Cause Name,
31,Utah,2393,155.7,1999,Cancer,Malignant neoplasms (C00-C97),
4,New York,2396,10.5,2009,Alzheimer's disease,Alzheimer's disease (G30),
43,Rhode Island,2404,199.3,2002,Cancer,Malignant neoplasms (C00-C97),
39,Idaho,2405,166.3,2007,Cancer,Malignant neoplasms (C00-C97),
41,New Hampshire,2408,203.6,1999,Cancer,Malignant neoplasms (C00-C97),
9,North Carolina,2417,30.5,2005,Alzheimer's disease,Alzheimer's disease (G30),
43,Rhode Island,2418,196.8,2004,Cancer,Malignant neoplasms (C00-C97),
16,Tennessee,2423,39.9,2008,Alzheimer's disease,Alzheimer's disease (G30),
10,Michigan,2432,22.4,2007,Alzheimer's disease,Alzheimer's disease (G30),
43,Rhode Island,2433,206.4,2000,Cancer,Malignant neoplasms (C00-C97),
16,Tennessee,2434,36.3,2012,Alzheimer's disease,Alzheimer's disease (G30),
16,Tennessee,2440,38.5,2010,Alzheimer's disease,Alzheimer's disease (G30),
31,Utah,2444,144.6,2003,Cancer,Malignant neoplasms (C00-C97),
23,South Carolina,2453,46.2,2015,Alzheimer's disease,Alzheimer's disease (G30),
39,Idaho,2458,158.9,2009,Cancer,Malignant neoplasms (C00-C97),
9,North Carolina,2460,28.7,2007,Alzheimer's disease,Alzheimer's disease (G30),
43,Rhode Island,2463,210.3,1999,Cancer,Malignant neoplasms (C00-C97),
13,Washington,2470,39.3,2006,Alzheimer's disease,Alzheimer's disease (G30),
41,New Hampshire,2484,206.9,2000,Cancer,Malignant neoplasms (C00-C97),
41,New Hampshire,2485,193.7,2003,Cancer,Malignant neoplasms (C00-C97),
14,Arizona,2485,31.6,2014,Alzheimer's disease,Alzheimer's disease (G30),
31,Utah,2492,125.4,2008,Cancer,Malignant neoplasms (C00-C97),
39,Idaho,2511,166.7,2008,Cancer,Malignant neoplasms (C00-C97),
17,Indiana,2513,33.1,2015,Alzheimer's disease,Alzheimer's disease (G30),
41,New Hampshire,2525,167.9,2010,Cancer,Malignant neoplasms (C00-C97),
39,Idaho,2530,159.9,2010,Cancer,Malignant neoplasms (C00-C97),
41,New Hampshire,2534,183.9,2006,Cancer,Malignant neoplasms (C00-C97),
16,Tennessee,2536,36.9,2013,Alzheimer's disease,Alzheimer's disease (G30),
41,New Hampshire,2549,189.8,2005,Cancer,Malignant neoplasms (C00-C97),
41,New Hampshire,2554,194.8,2004,Cancer,Malignant neoplasms (C00-C97),
31,Utah,2555,124.7,2009,Cancer,Malignant neoplasms (C00-C97),
4,New York,2556,10.4,2013,Alzheimer's disease,Alzheimer's disease (G30),
41,New Hampshire,2562,173.3,2009,Cancer,Malignant neoplasms (C00-C97),
4,New York,2563,10.8,2011,Alzheimer's disease,Alzheimer's disease (G30),
31,Utah,2572,133.2,2007,Cancer,Malignant neoplasms (C00-C97),
41,New Hampshire,2576,177.3,2008,Cancer,Malignant neoplasms (C00-C97),
10,Michigan,2578,22.9,2009,Alzheimer's disease,Alzheimer's disease (G30),
16,Tennessee,2589,39.5,2011,Alzheimer's disease,Alzheimer's disease (G30),
6,Illinois,2595,20.4,2004,Alzheimer's disease,Alzheimer's disease (G30),
41,New Hampshire,2609,184.7,2007,Cancer,Malignant neoplasms (C00-C97),
4,New York,2616,11.3,2010,Alzheimer's disease,Alzheimer's disease (G30),
9,North Carolina,2624,29.8,2008,Alzheimer's disease,Alzheimer's disease (G30),
6,Illinois,2626,20.9,2003,Alzheimer's disease,Alzheimer's disease (G30),
4,New York,2639,10.7,2014,Alzheimer's disease,Alzheimer's disease (G30),
4,New York,2640,10.9,2012,Alzheimer's disease,Alzheimer's disease (G30),
9,North Carolina,2646,29.2,2009,Alzheimer's disease,Alzheimer's disease (G30),
8,Georgia,2670,31.7,2014,Alzheimer's disease,Alzheimer's disease (G30),
16,Tennessee,2672,38.1,2014,Alzheimer's disease,Alzheimer's disease (G30),
13,Washington,2689,41.8,2007,Alzheimer's disease,Alzheimer's disease (G30),
48,Alaska,2708,838.9,1999,All Causes,All Causes,
6,Illinois,2734,20.5,2007,Alzheimer's disease,Alzheimer's disease (G30),
10,Michigan,2736,24,2010,Alzheimer's disease,Alzheimer's disease (G30),
10,Michigan,2739,24.8,2008,Alzheimer's disease,Alzheimer's disease (G30),
6,Illinois,2794,21.3,2006,Alzheimer's disease,Alzheimer's disease (G30),
9,North Carolina,2817,30.3,2010,Alzheimer's disease,Alzheimer's disease (G30),
6,Illinois,2827,21.9,2005,Alzheimer's disease,Alzheimer's disease (G30),
9,North Carolina,2828,29.3,2011,Alzheimer's disease,Alzheimer's disease (G30),
2,Texas,2833,18.5,1999,Alzheimer's disease,Alzheimer's disease (G30),
9,North Carolina,2850,28.4,2012,Alzheimer's disease,Alzheimer's disease (G30),
36,New Mexico,2857,173.3,1999,Cancer,Malignant neoplasms (C00-C97),
6,Illinois,2865,19.8,2012,Alzheimer's disease,Alzheimer's disease (G30),
9,North Carolina,2872,27.7,2013,Alzheimer's disease,Alzheimer's disease (G30),
10,Michigan,2876,24.6,2011,Alzheimer's disease,Alzheimer's disease (G30),
6,Illinois,2891,21,2009,Alzheimer's disease,Alzheimer's disease (G30),
36,New Mexico,2900,167.3,2001,Cancer,Malignant neoplasms (C00-C97),
36,New Mexico,2906,172.3,2000,Cancer,Malignant neoplasms (C00-C97),
6,Illinois,2910,20.4,2011,Alzheimer's disease,Alzheimer's disease (G30),
6,Illinois,2919,19.8,2013,Alzheimer's disease,Alzheimer's disease (G30),
6,Illinois,2927,20.9,2010,Alzheimer's disease,Alzheimer's disease (G30),
14,Arizona,2943,35.8,2015,Alzheimer's disease,Alzheimer's disease (G30),
5,Pennsylvania,2952,18.3,2003,Alzheimer's disease,Alzheimer's disease (G30),
48,Alaska,3030,802.4,2002,All Causes,All Causes,
42,Maine,3035,503.8,1999,Cancer,Malignant neoplasms (C00-C97),
42,Maine,3045,208.3,2001,Cancer,Malignant neoplasms (C00-C97),
48,Alaska,3051,756.7,2004,All Causes,All Causes,
3,Florida,3059,14.3,1999,Alzheimer's disease,Alzheimer's disease (G30),
10,Michigan,3064,25.6,2012,Alzheimer's disease,Alzheimer's disease (G30),
42,Maine,3070,538.7,2000,Cancer,Malignant neoplasms (C00-C97),
42,Maine,3089,192.7,2006,Cancer,Malignant neoplasms (C00-C97),
42,Maine,3093,185,2008,Cancer,Malignant neoplasms (C00-C97),
42,Maine,3112,189.9,2007,Cancer,Malignant neoplasms (C00-C97),
42,Maine,3120,205.4,2003,Cancer,Malignant neoplasms (C00-C97),
16,Tennessee,3122,43.4,2015,Alzheimer's disease,Alzheimer's disease (G30),
42,Maine,3133,185.2,2009,Cancer,Malignant neoplasms (C00-C97),
13,Washington,3138,43.4,2011,Alzheimer's disease,Alzheimer's disease (G30),
48,Alaska,3168,762.3,2005,All Causes,All Causes,
4,New York,3174,12.6,2015,Alzheimer's disease,Alzheimer's disease (G30),
48,Alaska,3180,843.5,2003,All Causes,All Causes,
2,Texas,3184,20.5,2000,Alzheimer's disease,Alzheimer's disease (G30),
6,Illinois,3192,23.6,2008,Alzheimer's disease,Alzheimer's disease (G30),
36,New Mexico,3202,149,2009,Cancer,Malignant neoplasms (C00-C97),
42,Maine,3206,214.9,2002,Cancer,Malignant neoplasms (C00-C97),
42,Maine,3218,204.8,2005,Cancer,Malignant neoplasms (C00-C97),
13,Washington,3219,43.8,2012,Alzheimer's disease,Alzheimer's disease (G30),
10,Michigan,3220,26.4,2013,Alzheimer's disease,Alzheimer's disease (G30),
36,New Mexico,3238,158.1,2007,Cancer,Malignant neoplasms (C00-C97),
9,North Carolina,3246,30.5,2014,Alzheimer's disease,Alzheimer's disease (G30),
42,Maine,3248,187.9,2010,Cancer,Malignant neoplasms (C00-C97),
3,Florida,3265,15,2000,Alzheimer's disease,Alzheimer's disease (G30),
6,Illinois,3266,21.9,2014,Alzheimer's disease,Alzheimer's disease (G30),
5,Pennsylvania,3271,17.4,2013,Alzheimer's disease,Alzheimer's disease (G30),
13,Washington,3277,43.6,2013,Alzheimer's disease,Alzheimer's disease (G30),
5,Pennsylvania,3277,20.2,2004,Alzheimer's disease,Alzheimer's disease (G30),
5,Pennsylvania,3311,19.6,2006,Alzheimer's disease,Alzheimer's disease (G30),
37,Nebraska,3336,165.1,2009,Cancer,Malignant neoplasms (C00-C97),
13,Washington,3344,43.6,2014,Alzheimer's disease,Alzheimer's disease (G30),
10,Michigan,3349,27,2014,Alzheimer's disease,Alzheimer's disease (G30),
48,Alaska,3354,787.6,2006,All Causes,All Causes,
36,New Mexico,3355,160.3,2008,Cancer,Malignant neoplasms (C00-C97),
36,New Mexico,3358,152.4,2010,Cancer,Malignant neoplasms (C00-C97),
37,Nebraska,3376,169.7,2008,Cancer,Malignant neoplasms (C00-C97),
37,Nebraska,3382,186.2,2000,Cancer,Malignant neoplasms (C00-C97),
37,Nebraska,3389,185.5,2001,Cancer,Malignant neoplasms (C00-C97),
37,Nebraska,3410,189,1999,Cancer,Malignant neoplasms (C00-C97),
5,Pennsylvania,3429,20.7,2005,Alzheimer's disease,Alzheimer's disease (G30),
37,Nebraska,3430,176.6,2006,Cancer,Malignant neoplasms (C00-C97),
37,Nebraska,3433,186.1,2002,Cancer,Malignant neoplasms (C00-C97),
37,Nebraska,3438,167.4,2010,Cancer,Malignant neoplasms (C00-C97),
48,Alaska,3463,780.6,2007,All Causes,All Causes,
37,Nebraska,3479,176.6,2007,Cancer,Malignant neoplasms (C00-C97),
5,Pennsylvania,3486,18.3,2014,Alzheimer's disease,Alzheimer's disease (G30),
13,Washington,3490,44.4,2015,Alzheimer's disease,Alzheimer's disease (G30),
48,Alaska,3494,761.3,2008,All Causes,All Causes,
5,Pennsylvania,3496,19.1,2011,Alzheimer's disease,Alzheimer's disease (G30),
5,Pennsylvania,3505,20.3,2007,Alzheimer's disease,Alzheimer's disease (G30),
5,Pennsylvania,3505,18.9,2012,Alzheimer's disease,Alzheimer's disease (G30),
5,Pennsylvania,3547,20,2009,Alzheimer's disease,Alzheimer's disease (G30),
33,Nevada,3556,206.7,1999,Cancer,Malignant neoplasms (C00-C97),
7,Ohio,3565,27.7,2006,Alzheimer's disease,Alzheimer's disease (G30),
5,Pennsylvania,3591,20,2010,Alzheimer's disease,Alzheimer's disease (G30),
48,Alaska,3618,763.8,2009,All Causes,All Causes,
7,Ohio,3671,27.9,2007,Alzheimer's disease,Alzheimer's disease (G30),
6,Illinois,3686,24.4,2015,Alzheimer's disease,Alzheimer's disease (G30),
8,Georgia,3714,42.4,2015,Alzheimer's disease,Alzheimer's disease (G30),
48,Alaska,3728,771.5,2010,All Causes,All Causes,
33,Nevada,3763,480.3,2000,Cancer,Malignant neoplasms (C00-C97),
10,Michigan,3771,30.1,2015,Alzheimer's disease,Alzheimer's disease (G30),
7,Ohio,3798,26,2013,Alzheimer's disease,Alzheimer's disease (G30),
9,North Carolina,3803,34.8,2015,Alzheimer's disease,Alzheimer's disease (G30),
33,Nevada,3815,205.1,2001,Cancer,Malignant neoplasms (C00-C97),
48,Alaska,3849,747.8,2011,All Causes,All Causes,
5,Pennsylvania,3863,22.1,2008,Alzheimer's disease,Alzheimer's disease (G30),
7,Ohio,3879,28.5,2009,Alzheimer's disease,Alzheimer's disease (G30),
48,Alaska,3912,731.4,2012,All Causes,All Causes,
50,Wyoming,3920,851.8,2000,All Causes,All Causes,
7,Ohio,3935,27.4,2012,Alzheimer's disease,Alzheimer's disease (G30),
48,Alaska,3997,724.4,2013,All Causes,All Causes,
5,Pennsylvania,4012,21,2015,Alzheimer's disease,Alzheimer's disease (G30),
7,Ohio,4037,28.5,2011,Alzheimer's disease,Alzheimer's disease (G30),
50,Wyoming,4042,895.4,1999,All Causes,All Causes,
7,Ohio,4083,27.7,2014,Alzheimer's disease,Alzheimer's disease (G30),
7,Ohio,4109,29.7,2010,Alzheimer's disease,Alzheimer's disease (G30),
33,Nevada,4119,191.9,2004,Cancer,Malignant neoplasms (C00-C97),
48,Alaska,4128,736.8,2014,All Causes,All Causes,
33,Nevada,4226,184.5,2006,Cancer,Malignant neoplasms (C00-C97),
50,Wyoming,4227,778.9,2008,All Causes,All Causes,
33,Nevada,4238,191,2005,Cancer,Malignant neoplasms (C00-C97),
50,Wyoming,4266,806.5,2007,All Causes,All Causes,
50,Wyoming,4283,769.6,2009,All Causes,All Causes,
7,Ohio,4285,32,2008,Alzheimer's disease,Alzheimer's disease (G30),
3,Florida,4307,18.6,2004,Alzheimer's disease,Alzheimer's disease (G30),
50,Wyoming,4311,831.1,2006,All Causes,All Causes,
48,Alaska,4316,747.4,2015,All Causes,All Causes,
33,Nevada,4331,180.8,2007,Cancer,Malignant neoplasms (C00-C97),
50,Wyoming,4387,754.6,2011,All Causes,All Causes,
33,Nevada,4404,179.4,2008,Cancer,Malignant neoplasms (C00-C97),
1,California,4419,15.8,2000,Alzheimer's disease,Alzheimer's disease (G30),
3,Florida,4422,15.2,2012,Alzheimer's disease,Alzheimer's disease (G30),
50,Wyoming,4438,778.8,2010,All Causes,All Causes,
33,Nevada,4461,175.3,2009,Cancer,Malignant neoplasms (C00-C97),
50,Wyoming,4481,748.3,2012,All Causes,All Causes,
3,Florida,4507,16,2011,Alzheimer's disease,Alzheimer's disease (G30),
50,Wyoming,4516,731.7,2013,All Causes,All Causes,
33,Nevada,4529,174.2,2010,Cancer,Malignant neoplasms (C00-C97),
1,California,4532,16.6,1999,Alzheimer's disease,Alzheimer's disease (G30),
38,West Virginia,4605,198.5,2008,Cancer,Malignant neoplasms (C00-C97),
3,Florida,4608,19.4,2005,Alzheimer's disease,Alzheimer's disease (G30),
38,West Virginia,4613,203.6,2006,Cancer,Malignant neoplasms (C00-C97),
38,West Virginia,4617,207.4,2005,Cancer,Malignant neoplasms (C00-C97),
3,Florida,4617,17.6,2009,Alzheimer's disease,Alzheimer's disease (G30),
7,Ohio,4643,31.1,2015,Alzheimer's disease,Alzheimer's disease (G30),
3,Florida,4644,18.7,2007,Alzheimer's disease,Alzheimer's disease (G30),
50,Wyoming,4666,742.4,2014,All Causes,All Causes,
38,West Virginia,4685,460.2,2001,Cancer,Malignant neoplasms (C00-C97),
3,Florida,4689,19.3,2006,Alzheimer's disease,Alzheimer's disease (G30),
38,West Virginia,4690,204.3,2007,Cancer,Malignant neoplasms (C00-C97),
38,West Virginia,4694,467.3,2004,Cancer,Malignant neoplasms (C00-C97),
3,Florida,4743,18.6,2008,Alzheimer's disease,Alzheimer's disease (G30),
38,West Virginia,4753,223.9,2000,Cancer,Malignant neoplasms (C00-C97),
38,West Virginia,4762,225.1,1999,Cancer,Malignant neoplasms (C00-C97),
50,Wyoming,4778,748.3,2015,All Causes,All Causes,
38,West Virginia,4786,204.2,2009,Cancer,Malignant neoplasms (C00-C97),
2,Texas,4814,26.8,2007,Alzheimer's disease,Alzheimer's disease (G30),
3,Florida,4831,18.1,2010,Alzheimer's disease,Alzheimer's disease (G30),
1,California,4935,17.2,2001,Alzheimer's disease,Alzheimer's disease (G30),
49,Vermont,4993,812.9,1999,All Causes,All Causes,
49,Vermont,5034,683.2,2009,All Causes,All Causes,
49,Vermont,5048,728,2006,All Causes,All Causes,
2,Texas,5064,26.6,2009,Alzheimer's disease,Alzheimer's disease (G30),
49,Vermont,5075,786.8,2002,All Causes,All Causes,
3,Florida,5093,16.9,2013,Alzheimer's disease,Alzheimer's disease (G30),
49,Vermont,5127,821.8,2000,All Causes,All Causes,
2,Texas,5175,24.6,2012,Alzheimer's disease,Alzheimer's disease (G30),
49,Vermont,5179,733,2007,All Causes,All Causes,
49,Vermont,5201,819.6,2001,All Causes,All Causes,
2,Texas,5209,26.8,2010,Alzheimer's disease,Alzheimer's disease (G30),
49,Vermont,5211,722.5,2008,All Causes,All Causes,
35,Kansas,5223,187,2000,Cancer,Malignant neoplasms (C00-C97),
2,Texas,5280,28.6,2008,Alzheimer's disease,Alzheimer's disease (G30),
2,Texas,5293,24.3,2013,Alzheimer's disease,Alzheimer's disease (G30),
35,Kansas,5319,171.9,2009,Cancer,Malignant neoplasms (C00-C97),
35,Kansas,5334,192.4,1999,Cancer,Malignant neoplasms (C00-C97),
35,Kansas,5377,171.3,2010,Cancer,Malignant neoplasms (C00-C97),
49,Vermont,5380,718.7,2010,All Causes,All Causes,
2,Texas,5415,26.6,2011,Alzheimer's disease,Alzheimer's disease (G30),
1,California,5421,18.6,2002,Alzheimer's disease,Alzheimer's disease (G30),
49,Vermont,5433,711,2011,All Causes,All Causes,
35,Kansas,5448,193.8,2001,Cancer,Malignant neoplasms (C00-C97),
49,Vermont,5491,700.1,2012,All Causes,All Causes,
47,North Dakota,5561,680.4,2007,All Causes,All Causes,
47,North Dakota,5601,702.2,2004,All Causes,All Causes,
49,Vermont,5623,694.8,2014,All Causes,All Causes,
49,Vermont,5639,710.6,2013,All Causes,All Causes,
47,North Dakota,5744,716.3,2005,All Causes,All Causes,
47,North Dakota,5856,761.8,2000,All Causes,All Causes,
21,Colorado,5863,171.1,1999,Cancer,Malignant neoplasms (C00-C97),
47,North Dakota,5868,724.4,2006,All Causes,All Causes,
47,North Dakota,5871,713.3,2008,All Causes,All Causes,
3,Florida,5874,18.8,2014,Alzheimer's disease,Alzheimer's disease (G30),
47,North Dakota,5914,712.7,2009,All Causes,All Causes,
49,Vermont,5919,714.7,2015,All Causes,All Causes,
21,Colorado,5922,170,2000,Cancer,Malignant neoplasms (C00-C97),
47,North Dakota,5944,704.3,2010,All Causes,All Causes,
34,Mississippi,5958,217.1,2001,Cancer,Malignant neoplasms (C00-C97),
47,North Dakota,5965,697.4,2011,All Causes,All Causes,
34,Mississippi,6002,201.8,2007,Cancer,Malignant neoplasms (C00-C97),
47,North Dakota,6038,701.2,2012,All Causes,All Causes,
34,Mississippi,6075,223.6,2000,Cancer,Malignant neoplasms (C00-C97),
32,Arkansas,6090,210.5,2000,Cancer,Malignant neoplasms (C00-C97),
32,Arkansas,6092,208.8,2001,Cancer,Malignant neoplasms (C00-C97),
47,North Dakota,6103,796.8,1999,All Causes,All Causes,
34,Mississippi,6131,199.8,2009,Cancer,Malignant neoplasms (C00-C97),
32,Arkansas,6137,480.1,1999,Cancer,Malignant neoplasms (C00-C97),
34,Mississippi,6143,227.9,1999,Cancer,Malignant neoplasms (C00-C97),
21,Colorado,6145,170.9,2001,Cancer,Malignant neoplasms (C00-C97),
34,Mississippi,6166,202.9,2008,Cancer,Malignant neoplasms (C00-C97),
32,Arkansas,6177,196.7,2006,Cancer,Malignant neoplasms (C00-C97),
47,North Dakota,6184,692.7,2014,All Causes,All Causes,
38,West Virginia,6186,288.1,2003,Diseases of Heart,"Diseases of heart (I00-I09,I11,I13,I20-I51)",
38,West Virginia,6189,291.2,2002,Diseases of Heart,"Diseases of heart (I00-I09,I11,I13,I20-I51)",
21,Colorado,6196,159.4,2004,Cancer,Malignant neoplasms (C00-C97),
47,North Dakota,6223,696.8,2015,All Causes,All Causes,
47,North Dakota,6233,709.7,2013,All Causes,All Causes,
34,Mississippi,6236,475.7,2006,Cancer,Malignant neoplasms (C00-C97),
30,Iowa,6249,170.4,2009,Cancer,Malignant neoplasms (C00-C97),
34,Mississippi,6271,201.4,2010,Cancer,Malignant neoplasms (C00-C97),
38,West Virginia,6325,298.8,2001,Diseases of Heart,"Diseases of heart (I00-I09,I11,I13,I20-I51)",
30,Iowa,6346,189.1,1999,Cancer,Malignant neoplasms (C00-C97),
30,Iowa,6358,171.9,2010,Cancer,Malignant neoplasms (C00-C97),
30,Iowa,6359,179,2006,Cancer,Malignant neoplasms (C00-C97),
30,Iowa,6376,176.8,2007,Cancer,Malignant neoplasms (C00-C97),
21,Colorado,6384,173.7,2002,Cancer,Malignant neoplasms (C00-C97),
32,Arkansas,6388,201.3,2007,Cancer,Malignant neoplasms (C00-C97),
30,Iowa,6404,188.9,2001,Cancer,Malignant neoplasms (C00-C97),
21,Colorado,6417,169.4,2003,Cancer,Malignant neoplasms (C00-C97),
30,Iowa,6424,177.1,2008,Cancer,Malignant neoplasms (C00-C97),
38,West Virginia,6435,305,2000,Diseases of Heart,"Diseases of heart (I00-I09,I11,I13,I20-I51)",
30,Iowa,6448,191.7,2000,Cancer,Malignant neoplasms (C00-C97),
30,Iowa,6453,183.7,2005,Cancer,Malignant neoplasms (C00-C97),
32,Arkansas,6475,194.7,2010,Cancer,Malignant neoplasms (C00-C97),
32,Arkansas,6513,198.3,2009,Cancer,Malignant neoplasms (C00-C97),
32,Arkansas,6526,201.4,2008,Cancer,Malignant neoplasms (C00-C97),
45,Delaware,6666,881.6,1999,All Causes,All Causes,
2,Texas,6772,30,2014,Alzheimer's disease,Alzheimer's disease (G30),
29,Connecticut,6819,162.8,2009,Cancer,Malignant neoplasms (C00-C97),
38,West Virginia,6822,325.5,1999,Diseases of Heart,"Diseases of heart (I00-I09,I11,I13,I20-I51)",
46,South Dakota,6826,712.9,2007,All Causes,All Causes,
29,Connecticut,6827,167.2,2007,Cancer,Malignant neoplasms (C00-C97),
29,Connecticut,6830,164.8,2008,Cancer,Malignant neoplasms (C00-C97),
45,Delaware,6861,849.3,2002,All Causes,All Causes,
27,Oregon,6905,198.2,1999,Cancer,Malignant neoplasms (C00-C97),
46,South Dakota,6923,790,2001,All Causes,All Causes,
46,South Dakota,6923,706.2,2009,All Causes,All Causes,
21,Colorado,6950,151.4,2009,Cancer,Malignant neoplasms (C00-C97),
27,Oregon,6951,197.3,2000,Cancer,Malignant neoplasms (C00-C97),
46,South Dakota,6953,808.4,1999,All Causes,All Causes,
29,Connecticut,6954,163.4,2010,Cancer,Malignant neoplasms (C00-C97),
46,South Dakota,7021,805.7,2000,All Causes,All Causes,
3,Florida,7031,21.8,2015,Alzheimer's disease,Alzheimer's disease (G30),
21,Colorado,7035,149.5,2010,Cancer,Malignant neoplasms (C00-C97),
29,Connecticut,7044,175.5,2006,Cancer,Malignant neoplasms (C00-C97),
29,Connecticut,7054,191,1999,Cancer,Malignant neoplasms (C00-C97),
27,Oregon,7057,196.5,2001,Cancer,Malignant neoplasms (C00-C97),
29,Connecticut,7065,189.5,2000,Cancer,Malignant neoplasms (C00-C97),
45,Delaware,7070,852.9,2003,All Causes,All Causes,
46,South Dakota,7083,731.9,2008,All Causes,All Causes,
46,South Dakota,7084,752.5,2006,All Causes,All Causes,
46,South Dakota,7086,770.7,2005,All Causes,All Causes,
29,Connecticut,7093,187.6,2001,Cancer,Malignant neoplasms (C00-C97),
46,South Dakota,7099,679.3,2013,All Causes,All Causes,
46,South Dakota,7100,715.1,2010,All Causes,All Causes,
45,Delaware,7112,903.1,2001,All Causes,All Causes,
45,Delaware,7143,838.2,2004,All Causes,All Causes,
45,Delaware,7204,795.7,2006,All Causes,All Causes,
27,Oregon,7232,192.5,2003,Cancer,Malignant neoplasms (C00-C97),
27,Oregon,7249,197.3,2002,Cancer,Malignant neoplasms (C00-C97),
28,Oklahoma,7269,196,2004,Cancer,Malignant neoplasms (C00-C97),
27,Oregon,7309,180.9,2006,Cancer,Malignant neoplasms (C00-C97),
28,Oklahoma,7312,206.7,1999,Cancer,Malignant neoplasms (C00-C97),
46,South Dakota,7314,720.6,2011,All Causes,All Causes,
45,Delaware,7327,786.1,2007,All Causes,All Causes,
46,South Dakota,7333,712.3,2012,All Causes,All Causes,
28,Oklahoma,7338,199.8,2003,Cancer,Malignant neoplasms (C00-C97),
27,Oregon,7393,178.8,2007,Cancer,Malignant neoplasms (C00-C97),
28,Oklahoma,7402,207.4,2000,Cancer,Malignant neoplasms (C00-C97),
28,Oklahoma,7411,206.3,2001,Cancer,Malignant neoplasms (C00-C97),
28,Oklahoma,7446,198,2005,Cancer,Malignant neoplasms (C00-C97),
45,Delaware,7472,851.4,2005,All Causes,All Causes,
28,Oklahoma,7474,205.7,2002,Cancer,Malignant neoplasms (C00-C97),
27,Oregon,7479,177,2008,Cancer,Malignant neoplasms (C00-C97),
27,Oregon,7487,172.7,2009,Cancer,Malignant neoplasms (C00-C97),
46,South Dakota,7507,710.4,2014,All Causes,All Causes,
45,Delaware,7534,768,2009,All Causes,All Causes,
45,Delaware,7622,793.5,2008,All Causes,All Causes,
28,Oklahoma,7639,189.2,2009,Cancer,Malignant neoplasms (C00-C97),
45,Delaware,7706,769.9,2010,All Causes,All Causes,
46,South Dakota,7731,715.4,2015,All Causes,All Causes,
28,Oklahoma,7831,191.3,2010,Cancer,Malignant neoplasms (C00-C97),
45,Delaware,7845,764.2,2011,All Causes,All Causes,
45,Delaware,7875,745.4,2012,All Causes,All Causes,
45,Delaware,7967,726.8,2013,All Causes,All Causes,
34,Mississippi,8037,278.5,2007,Diseases of Heart,"Diseases of heart (I00-I09,I11,I13,I20-I51)",
23,South Carolina,8089,211.7,1999,Cancer,Malignant neoplasms (C00-C97),
44,Montana,8094,783,2004,All Causes,All Causes,
44,Montana,8096,843.3,2000,All Causes,All Causes,
34,Mississippi,8097,285.4,2006,Diseases of Heart,"Diseases of heart (I00-I09,I11,I13,I20-I51)",
44,Montana,8128,857.6,1999,All Causes,All Causes,
23,South Carolina,8250,475.2,2000,Cancer,Malignant neoplasms (C00-C97),
45,Delaware,8260,734,2014,All Causes,All Causes,
32,Arkansas,8263,281.8,2001,Diseases of Heart,"Diseases of heart (I00-I09,I11,I13,I20-I51)",
44,Montana,8265,844.1,2001,All Causes,All Causes,
40,Hawaii,8270,688.8,1999,All Causes,All Causes,
23,South Carolina,8272,208.3,2001,Cancer,Malignant neoplasms (C00-C97),
32,Arkansas,8278,283.8,2000,Diseases of Heart,"Diseases of heart (I00-I09,I11,I13,I20-I51)",
34,Mississippi,8282,298.8,2004,Diseases of Heart,"Diseases of heart (I00-I09,I11,I13,I20-I51)",
40,Hawaii,8290,675.9,2000,All Causes,All Causes,
32,Arkansas,8315,380.8,1999,Diseases of Heart,"Diseases of heart (I00-I09,I11,I13,I20-I51)",
32,Arkansas,8330,282.8,2002,Diseases of Heart,"Diseases of heart (I00-I09,I11,I13,I20-I51)",
23,South Carolina,8333,205.8,2002,Cancer,Malignant neoplasms (C00-C97),
40,Hawaii,8394,660.4,2001,All Causes,All Causes,
44,Montana,8472,782.2,2006,All Causes,All Causes,
44,Montana,8528,807.1,2005,All Causes,All Causes,
45,Delaware,8582,741.5,2015,All Causes,All Causes,
44,Montana,8624,775.4,2007,All Causes,All Causes,
34,Mississippi,8637,306.4,2005,Diseases of Heart,"Diseases of heart (I00-I09,I11,I13,I20-I51)",
23,South Carolina,8652,198.2,2005,Cancer,Malignant neoplasms (C00-C97),
34,Mississippi,8683,317.1,2003,Diseases of Heart,"Diseases of heart (I00-I09,I11,I13,I20-I51)",
44,Montana,8730,758,2009,All Causes,All Causes,
25,Louisiana,8736,199.3,2007,Cancer,Malignant neoplasms (C00-C97),
40,Hawaii,8801,673.4,2002,All Causes,All Causes,
44,Montana,8827,754.7,2010,All Causes,All Causes,
25,Louisiana,8853,206.1,2006,Cancer,Malignant neoplasms (C00-C97),
23,South Carolina,8853,194.7,2006,Cancer,Malignant neoplasms (C00-C97),
23,South Carolina,8867,188.5,2007,Cancer,Malignant neoplasms (C00-C97),
22,Minnesota,8892,187,1999,Cancer,Malignant neoplasms (C00-C97),
2,Texas,8903,38.2,2015,Alzheimer's disease,Alzheimer's disease (G30),
44,Montana,8913,788.7,2008,All Causes,All Causes,
26,Kentucky,8925,224.2,1999,Cancer,Malignant neoplasms (C00-C97),
22,Minnesota,8967,183.8,2001,Cancer,Malignant neoplasms (C00-C97),
44,Montana,8976,732.4,2012,All Causes,All Causes,
14,Arizona,9006,179.9,1999,Cancer,Malignant neoplasms (C00-C97),
34,Mississippi,9050,333.5,2001,Diseases of Heart,"Diseases of heart (I00-I09,I11,I13,I20-I51)",
34,Mississippi,9061,332.6,2002,Diseases of Heart,"Diseases of heart (I00-I09,I11,I13,I20-I51)",
14,Arizona,9073,177.9,2000,Cancer,Malignant neoplasms (C00-C97),
22,Minnesota,9093,177,2004,Cancer,Malignant neoplasms (C00-C97),
25,Louisiana,9098,198.6,2009,Cancer,Malignant neoplasms (C00-C97),
44,Montana,9115,760.6,2011,All Causes,All Causes,
23,South Carolina,9123,182.8,2009,Cancer,Malignant neoplasms (C00-C97),
40,Hawaii,9136,638.3,2005,All Causes,All Causes,
14,Arizona,9143,173.8,2001,Cancer,Malignant neoplasms (C00-C97),
22,Minnesota,9183,181.7,2003,Cancer,Malignant neoplasms (C00-C97),
25,Louisiana,9197,205.7,2008,Cancer,Malignant neoplasms (C00-C97),
23,South Carolina,9199,190,2008,Cancer,Malignant neoplasms (C00-C97),
25,Louisiana,9203,197.6,2010,Cancer,Malignant neoplasms (C00-C97),
26,Kentucky,9207,228.7,2000,Cancer,Malignant neoplasms (C00-C97),
22,Minnesota,9210,185.3,2002,Cancer,Malignant neoplasms (C00-C97),
22,Minnesota,9215,191.8,2000,Cancer,Malignant neoplasms (C00-C97),
25,Louisiana,9249,208.6,2005,Cancer,Malignant neoplasms (C00-C97),
34,Mississippi,9256,341.2,2000,Diseases of Heart,"Diseases of heart (I00-I09,I11,I13,I20-I51)",
34,Mississippi,9336,347.4,1999,Diseases of Heart,"Diseases of heart (I00-I09,I11,I13,I20-I51)",
43,Rhode Island,9354,686.5,2012,All Causes,All Causes,
26,Kentucky,9358,229.7,2001,Cancer,Malignant neoplasms (C00-C97),
14,Arizona,9359,173.2,2002,Cancer,Malignant neoplasms (C00-C97),
26,Kentucky,9378,223.7,2003,Cancer,Malignant neoplasms (C00-C97),
44,Montana,9381,732.1,2014,All Causes,All Causes,
43,Rhode Island,9395,711,2009,All Causes,All Causes,
25,Louisiana,9412,230.5,1999,Cancer,Malignant neoplasms (C00-C97),
40,Hawaii,9432,643.4,2006,All Causes,All Causes,
25,Louisiana,9434,216.3,2004,Cancer,Malignant neoplasms (C00-C97),
26,Kentucky,9438,228.6,2002,Cancer,Malignant neoplasms (C00-C97),
40,Hawaii,9495,631,2007,All Causes,All Causes,
40,Hawaii,9501,613.6,2008,All Causes,All Causes,
24,Alabama,9506,210.9,1999,Cancer,Malignant neoplasms (C00-C97),
44,Montana,9511,761.3,2013,All Causes,All Causes,
41,New Hampshire,9537,815.5,1999,All Causes,All Causes,
39,Idaho,9563,809.4,2000,All Causes,All Causes,
39,Idaho,9579,825.2,1999,All Causes,All Causes,
43,Rhode Island,9579,721.7,2010,All Causes,All Causes,
22,Minnesota,9580,168.7,2009,Cancer,Malignant neoplasms (C00-C97),
43,Rhode Island,9581,707.3,2011,All Causes,All Causes,
26,Kentucky,9589,207.8,2008,Cancer,Malignant neoplasms (C00-C97),
22,Minnesota,9612,167.2,2010,Cancer,Malignant neoplasms (C00-C97),
40,Hawaii,9617,589.6,2010,All Causes,All Causes,
14,Arizona,9618,167.5,2004,Cancer,Malignant neoplasms (C00-C97),
14,Arizona,9627,173,2003,Cancer,Malignant neoplasms (C00-C97),
26,Kentucky,9634,204.9,2009,Cancer,Malignant neoplasms (C00-C97),
43,Rhode Island,9690,749.1,2006,All Causes,All Causes,
24,Alabama,9698,208.3,2002,Cancer,Malignant neoplasms (C00-C97),
43,Rhode Island,9708,807.5,1999,All Causes,All Causes,
41,New Hampshire,9708,767.3,2003,All Causes,All Causes,
43,Rhode Island,9723,747.2,2007,All Causes,All Causes,
43,Rhode Island,9738,742.9,2008,All Causes,All Causes,
43,Rhode Island,9769,766,2004,All Causes,All Causes,
43,Rhode Island,9770,700.9,2014,All Causes,All Causes,
43,Rhode Island,9792,709.6,2013,All Causes,All Causes,
24,Alabama,9801,498.6,2001,Cancer,Malignant neoplasms (C00-C97),
24,Alabama,9807,215.4,2000,Cancer,Malignant neoplasms (C00-C97),
24,Alabama,9812,208.2,2003,Cancer,Malignant neoplasms (C00-C97),
1,California,9905,28.1,2009,Alzheimer's disease,Alzheimer's disease (G30),
40,Hawaii,9914,621.9,2009,All Causes,All Causes,
14,Arizona,9919,160,2006,Cancer,Malignant neoplasms (C00-C97),
40,Hawaii,9923,584.9,2011,All Causes,All Causes,
26,Kentucky,9930,208.3,2010,Cancer,Malignant neoplasms (C00-C97),
44,Montana,9942,762.7,2015,All Causes,All Causes,
43,Rhode Island,10007,781.2,2005,All Causes,All Causes,
43,Rhode Island,10021,816.9,2001,All Causes,All Causes,
43,Rhode Island,10039,798.7,2003,All Causes,All Causes,
41,New Hampshire,10060,733.7,2006,All Causes,All Causes,
14,Arizona,10081,153.2,2008,Cancer,Malignant neoplasms (C00-C97),
1,California,10098,29.5,2008,Alzheimer's disease,Alzheimer's disease (G30),
41,New Hampshire,10100,691.6,2009,All Causes,All Causes,
41,New Hampshire,10111,778.9,2004,All Causes,All Causes,
14,Arizona,10134,158.9,2007,Cancer,Malignant neoplasms (C00-C97),
19,Maryland,10143,209.5,1999,Cancer,Malignant neoplasms (C00-C97),
43,Rhode Island,10163,721.9,2015,All Causes,All Causes,
19,Maryland,10179,180.5,2007,Cancer,Malignant neoplasms (C00-C97),
24,Alabama,10182,197.5,2008,Cancer,Malignant neoplasms (C00-C97),
41,New Hampshire,10194,766.7,2005,All Causes,All Causes,
24,Alabama,10196,191.7,2010,Cancer,Malignant neoplasms (C00-C97),
41,New Hampshire,10201,690.4,2010,All Causes,All Causes,
43,Rhode Island,10246,823,2002,All Causes,All Causes,
41,New Hampshire,10268,715.3,2008,All Causes,All Causes,
19,Maryland,10269,171.2,2010,Cancer,Malignant neoplasms (C00-C97),
14,Arizona,10271,152,2009,Cancer,Malignant neoplasms (C00-C97),
40,Hawaii,10274,586.5,2012,All Causes,All Causes,
24,Alabama,10289,196.3,2009,Cancer,Malignant neoplasms (C00-C97),
19,Maryland,10290,209.7,2000,Cancer,Malignant neoplasms (C00-C97),
41,New Hampshire,10303,733.2,2007,All Causes,All Causes,
19,Maryland,10322,205.4,2001,Cancer,Malignant neoplasms (C00-C97),
28,Oklahoma,10335,440.2,2004,Diseases of Heart,"Diseases of heart (I00-I09,I11,I13,I20-I51)",
19,Maryland,10350,187,2006,Cancer,Malignant neoplasms (C00-C97),
19,Maryland,10360,180.1,2008,Cancer,Malignant neoplasms (C00-C97),
19,Maryland,10371,190.4,2005,Cancer,Malignant neoplasms (C00-C97),
19,Maryland,10395,202.2,2002,Cancer,Malignant neoplasms (C00-C97),
19,Maryland,10412,176.7,2009,Cancer,Malignant neoplasms (C00-C97),
40,Hawaii,10505,590.8,2013,All Causes,All Causes,
39,Idaho,10556,781.2,2005,All Causes,All Causes,
39,Idaho,10613,756,2006,All Causes,All Causes,
20,Wisconsin,10638,191.7,2000,Cancer,Malignant neoplasms (C00-C97),
13,Washington,10653,198.3,1999,Cancer,Malignant neoplasms (C00-C97),
13,Washington,10668,195.8,2000,Cancer,Malignant neoplasms (C00-C97),
14,Arizona,10678,154.2,2010,Cancer,Malignant neoplasms (C00-C97),
41,New Hampshire,10730,687.5,2012,All Causes,All Causes,
20,Wisconsin,10755,195.5,1999,Cancer,Malignant neoplasms (C00-C97),
40,Hawaii,10767,588.7,2014,All Causes,All Causes,
13,Washington,10802,194.2,2001,Cancer,Malignant neoplasms (C00-C97),
39,Idaho,10822,747,2007,All Causes,All Causes,
41,New Hampshire,10823,710.4,2011,All Causes,All Causes,
28,Oklahoma,10840,301.6,2001,Diseases of Heart,"Diseases of heart (I00-I09,I11,I13,I20-I51)",
1,California,10856,30.1,2010,Alzheimer's disease,Alzheimer's disease (G30),
13,Washington,10858,190.6,2002,Cancer,Malignant neoplasms (C00-C97),
20,Wisconsin,10866,169.5,2009,Cancer,Malignant neoplasms (C00-C97),
41,New Hampshire,10897,679.1,2013,All Causes,All Causes,
20,Wisconsin,10925,179.9,2006,Cancer,Malignant neoplasms (C00-C97),
39,Idaho,10962,736.8,2008,All Causes,All Causes,
20,Wisconsin,10963,177.2,2007,Cancer,Malignant neoplasms (C00-C97),
13,Washington,10989,184.6,2004,Cancer,Malignant neoplasms (C00-C97),
13,Washington,11048,181,2005,Cancer,Malignant neoplasms (C00-C97),
40,Hawaii,11053,588.2,2015,All Causes,All Causes,
13,Washington,11055,175.3,2006,Cancer,Malignant neoplasms (C00-C97),
28,Oklahoma,11061,304.9,2003,Diseases of Heart,"Diseases of heart (I00-I09,I11,I13,I20-I51)",
13,Washington,11064,190.4,2003,Cancer,Malignant neoplasms (C00-C97),
39,Idaho,11098,725.1,2009,All Causes,All Causes,
20,Wisconsin,11185,177.8,2008,Cancer,Malignant neoplasms (C00-C97),
28,Oklahoma,11230,311.3,2002,Diseases of Heart,"Diseases of heart (I00-I09,I11,I13,I20-I51)",
28,Oklahoma,11263,316.1,1999,Diseases of Heart,"Diseases of heart (I00-I09,I11,I13,I20-I51)",
28,Oklahoma,11297,315,2000,Diseases of Heart,"Diseases of heart (I00-I09,I11,I13,I20-I51)",
26,Kentucky,11319,279.2,2003,Diseases of Heart,"Diseases of heart (I00-I09,I11,I13,I20-I51)",
39,Idaho,11429,731.6,2010,All Causes,All Causes,
25,Louisiana,11474,282.6,2001,Diseases of Heart,"Diseases of heart (I00-I09,I11,I13,I20-I51)",
41,New Hampshire,11516,706.2,2014,All Causes,All Causes,
25,Louisiana,11540,277.5,2003,Diseases of Heart,"Diseases of heart (I00-I09,I11,I13,I20-I51)",
1,California,11555,30.7,2011,Alzheimer's disease,Alzheimer's disease (G30),
13,Washington,11568,179,2007,Cancer,Malignant neoplasms (C00-C97),
25,Louisiana,11629,288.7,2000,Diseases of Heart,"Diseases of heart (I00-I09,I11,I13,I20-I51)",
1,California,11649,30,2012,Alzheimer's disease,Alzheimer's disease (G30),
26,Kentucky,11696,292.2,2002,Diseases of Heart,"Diseases of heart (I00-I09,I11,I13,I20-I51)",
26,Kentucky,11808,297.3,2001,Diseases of Heart,"Diseases of heart (I00-I09,I11,I13,I20-I51)",
1,California,11891,30,2013,Alzheimer's disease,Alzheimer's disease (G30),
26,Kentucky,11936,303.6,2000,Diseases of Heart,"Diseases of heart (I00-I09,I11,I13,I20-I51)",
16,Tennessee,11943,520.0,1999,Cancer,Malignant neoplasms (C00-C97),
41,New Hampshire,11984,720.6,2015,All Causes,All Causes,
39,Idaho,11998,726.6,2012,All Causes,All Causes,
25,Louisiana,12007,302.3,1999,Diseases of Heart,"Diseases of heart (I00-I09,I11,I13,I20-I51)",
39,Idaho,12027,745,2011,All Causes,All Causes,
31,Utah,12058,781.6,1999,All Causes,All Causes,
26,Kentucky,12098,310.9,1999,Diseases of Heart,"Diseases of heart (I00-I09,I11,I13,I20-I51)",
18,Missouri,12144,205.9,2000,Cancer,Malignant neoplasms (C00-C97),
18,Missouri,12186,207.9,1999,Cancer,Malignant neoplasms (C00-C97),
42,Maine,12261,865.9,1999,All Causes,All Causes,
42,Maine,12294,775.1,2006,All Causes,All Causes,
18,Missouri,12322,204.1,2002,Cancer,Malignant neoplasms (C00-C97),
16,Tennessee,12339,218.8,2000,Cancer,Malignant neoplasms (C00-C97),
42,Maine,12354,859.4,2000,All Causes,All Causes,
31,Utah,12364,788.6,2000,All Causes,All Causes,
18,Missouri,12365,207.1,2001,Cancer,Malignant neoplasms (C00-C97),
18,Missouri,12380,190.9,2007,Cancer,Malignant neoplasms (C00-C97),
42,Maine,12421,848.7,2001,All Causes,All Causes,
39,Idaho,12434,730.6,2013,All Causes,All Causes,
18,Missouri,12472,185.7,2009,Cancer,Malignant neoplasms (C00-C97),
42,Maine,12493,771.6,2007,All Causes,All Causes,
18,Missouri,12519,195.8,2006,Cancer,Malignant neoplasms (C00-C97),
18,Missouri,12523,189.5,2008,Cancer,Malignant neoplasms (C00-C97),
42,Maine,12541,759.4,2008,All Causes,All Causes,
17,Indiana,12552,199.1,2004,Cancer,Malignant neoplasms (C00-C97),
16,Tennessee,12586,208.1,2004,Cancer,Malignant neoplasms (C00-C97),
42,Maine,12594,752.6,2009,All Causes,All Causes,
39,Idaho,12613,723.8,2014,All Causes,All Causes,
18,Missouri,12626,185.6,2010,Cancer,Malignant neoplasms (C00-C97),
1,California,12644,30.9,2014,Alzheimer's disease,Alzheimer's disease (G30),
31,Utah,12662,785.2,2001,All Causes,All Causes,
42,Maine,12694,853.7,2002,All Causes,All Causes,
42,Maine,12750,749.6,2010,All Causes,All Causes,
24,Alabama,12774,278.1,2004,Diseases of Heart,"Diseases of heart (I00-I09,I11,I13,I20-I51)",
17,Indiana,12778,192.6,2007,Cancer,Malignant neoplasms (C00-C97),
17,Indiana,12796,199.8,2005,Cancer,Malignant neoplasms (C00-C97),
17,Indiana,12842,480.7,2000,Cancer,Malignant neoplasms (C00-C97),
42,Maine,12868,828.2,2005,All Causes,All Causes,
42,Maine,12870,730.4,2012,All Causes,All Causes,
17,Indiana,12898,217.4,1999,Cancer,Malignant neoplasms (C00-C97),
17,Indiana,12903,197.5,2006,Cancer,Malignant neoplasms (C00-C97),
15,Massachusetts,12993,171.3,2010,Cancer,Malignant neoplasms (C00-C97),
16,Tennessee,12995,210.3,2005,Cancer,Malignant neoplasms (C00-C97),
42,Maine,13001,752.8,2011,All Causes,All Causes,
15,Massachusetts,13003,179.5,2007,Cancer,Malignant neoplasms (C00-C97),
39,Idaho,13026,727.8,2015,All Causes,All Causes,
15,Massachusetts,13031,177.2,2008,Cancer,Malignant neoplasms (C00-C97),
16,Tennessee,13051,204.6,2006,Cancer,Malignant neoplasms (C00-C97),
17,Indiana,13093,190.4,2009,Cancer,Malignant neoplasms (C00-C97),
15,Massachusetts,13112,175.5,2009,Cancer,Malignant neoplasms (C00-C97),
31,Utah,13116,794,2002,All Causes,All Causes,
17,Indiana,13137,194.3,2008,Cancer,Malignant neoplasms (C00-C97),
24,Alabama,13150,370.5,2003,Diseases of Heart,"Diseases of heart (I00-I09,I11,I13,I20-I51)",
16,Tennessee,13161,201.6,2007,Cancer,Malignant neoplasms (C00-C97),
16,Tennessee,13162,197.2,2008,Cancer,Malignant neoplasms (C00-C97),
17,Indiana,13164,188.6,2010,Cancer,Malignant neoplasms (C00-C97),
24,Alabama,13197,291.3,2002,Diseases of Heart,"Diseases of heart (I00-I09,I11,I13,I20-I51)",
24,Alabama,13207,292.7,2001,Diseases of Heart,"Diseases of heart (I00-I09,I11,I13,I20-I51)",
8,Georgia,13225,202.3,1999,Cancer,Malignant neoplasms (C00-C97),
12,Virginia,13345,200.5,2001,Cancer,Malignant neoplasms (C00-C97),
12,Virginia,13365,209.1,1999,Cancer,Malignant neoplasms (C00-C97),
12,Virginia,13385,188.5,2004,Cancer,Malignant neoplasms (C00-C97),
24,Alabama,13406,299.5,2000,Diseases of Heart,"Diseases of heart (I00-I09,I11,I13,I20-I51)",
31,Utah,13412,793.6,2003,All Causes,All Causes,
24,Alabama,13419,303,1999,Diseases of Heart,"Diseases of heart (I00-I09,I11,I13,I20-I51)",
36,New Mexico,13425,808.6,2000,All Causes,All Causes,
16,Tennessee,13482,197.5,2009,Cancer,Malignant neoplasms (C00-C97),
42,Maine,13510,739,2014,All Causes,All Causes,
12,Virginia,13528,208.6,2000,Cancer,Malignant neoplasms (C00-C97),
42,Maine,13547,754.2,2013,All Causes,All Causes,
15,Massachusetts,13551,194.6,2003,Cancer,Malignant neoplasms (C00-C97),
12,Virginia,13602,200,2002,Cancer,Malignant neoplasms (C00-C97),
36,New Mexico,13676,842.2,1999,All Causes,All Causes,
8,Georgia,13690,206.7,2000,Cancer,Malignant neoplasms (C00-C97),
15,Massachusetts,13750,201.2,2001,Cancer,Malignant neoplasms (C00-C97),
31,Utah,13764,733.7,2006,All Causes,All Causes,
12,Virginia,13781,198.1,2003,Cancer,Malignant neoplasms (C00-C97),
8,Georgia,13818,202.8,2001,Cancer,Malignant neoplasms (C00-C97),
15,Massachusetts,13853,206.4,1999,Cancer,Malignant neoplasms (C00-C97),
15,Massachusetts,13914,201.4,2002,Cancer,Malignant neoplasms (C00-C97),
12,Virginia,13983,179.1,2008,Cancer,Malignant neoplasms (C00-C97),
12,Virginia,14009,184,2007,Cancer,Malignant neoplasms (C00-C97),
15,Massachusetts,14027,207.2,2000,Cancer,Malignant neoplasms (C00-C97),
31,Utah,14040,703.8,2008,All Causes,All Causes,
12,Virginia,14122,176.2,2009,Cancer,Malignant neoplasms (C00-C97),
31,Utah,14138,686.5,2009,All Causes,All Causes,
31,Utah,14143,729.4,2007,All Causes,All Causes,
42,Maine,14479,783.5,2015,All Causes,All Causes,
8,Georgia,14621,175.1,2008,Cancer,Malignant neoplasms (C00-C97),
31,Utah,14776,703.2,2010,All Causes,All Causes,
37,Nebraska,14810,710.9,2009,All Causes,All Causes,
37,Nebraska,14899,743.7,2006,All Causes,All Causes,
8,Georgia,14983,185.5,2007,Cancer,Malignant neoplasms (C00-C97),
37,Nebraska,14992,794.6,2000,All Causes,All Causes,
1,California,15065,35.7,2015,Alzheimer's disease,Alzheimer's disease (G30),
33,Nevada,15082,935.9,1999,All Causes,All Causes,
8,Georgia,15143,175.6,2009,Cancer,Malignant neoplasms (C00-C97),
37,Nebraska,15171,717.8,2010,All Causes,All Causes,
37,Nebraska,15174,796.6,2001,All Causes,All Causes,
33,Nevada,15261,918.7,2000,All Causes,All Causes,
37,Nebraska,15263,750.4,2007,All Causes,All Causes,
31,Utah,15266,699.1,2011,All Causes,All Causes,
36,New Mexico,15296,793.1,2006,All Causes,All Causes,
8,Georgia,15435,174.8,2010,Cancer,Malignant neoplasms (C00-C97),
37,Nebraska,15461,751.3,2008,All Causes,All Causes,
37,Nebraska,15476,719.8,2011,All Causes,All Causes,
36,New Mexico,15482,778.6,2007,All Causes,All Causes,
37,Nebraska,15579,830.1,1999,All Causes,All Causes,
36,New Mexico,15643,749.8,2009,All Causes,All Causes,
37,Nebraska,15659,719,2012,All Causes,All Causes,
31,Utah,15676,700,2012,All Causes,All Causes,
16,Tennessee,15688,280.6,2001,Diseases of Heart,"Diseases of heart (I00-I09,I11,I13,I20-I51)",
37,Nebraska,15754,714.7,2013,All Causes,All Causes,
9,North Carolina,15786,204.2,2000,Cancer,Malignant neoplasms (C00-C97),
9,North Carolina,15815,207.1,1999,Cancer,Malignant neoplasms (C00-C97),
16,Tennessee,15919,277.6,2003,Diseases of Heart,"Diseases of heart (I00-I09,I11,I13,I20-I51)",
36,New Mexico,15931,749,2010,All Causes,All Causes,
37,Nebraska,15978,718.2,2014,All Causes,All Causes,
36,New Mexico,16005,788.6,2008,All Causes,All Causes,
9,North Carolina,16145,193.9,2003,Cancer,Malignant neoplasms (C00-C97),
16,Tennessee,16174,293.6,2000,Diseases of Heart,"Diseases of heart (I00-I09,I11,I13,I20-I51)",
16,Tennessee,16226,392.3,2002,Diseases of Heart,"Diseases of heart (I00-I09,I11,I13,I20-I51)",
16,Tennessee,16280,299,1999,Diseases of Heart,"Diseases of heart (I00-I09,I11,I13,I20-I51)",
31,Utah,16366,710.4,2013,All Causes,All Causes,
36,New Mexico,16452,748.9,2011,All Causes,All Causes,
9,North Carolina,16477,193.7,2004,Cancer,Malignant neoplasms (C00-C97),
17,Indiana,16661,282.5,1999,Diseases of Heart,"Diseases of heart (I00-I09,I11,I13,I20-I51)",
36,New Mexico,16710,744.6,2012,All Causes,All Causes,
31,Utah,16719,709.6,2014,All Causes,All Causes,
9,North Carolina,16724,191.2,2005,Cancer,Malignant neoplasms (C00-C97),
37,Nebraska,16740,739.2,2015,All Causes,All Causes,
36,New Mexico,16805,731.8,2013,All Causes,All Causes,
11,New Jersey,17096,180.1,2007,Cancer,Malignant neoplasms (C00-C97),
11,New Jersey,17171,185,2005,Cancer,Malignant neoplasms (C00-C97),
11,New Jersey,17180,183,2006,Cancer,Malignant neoplasms (C00-C97),
11,New Jersey,17208,187.1,2004,Cancer,Malignant neoplasms (C00-C97),
18,Missouri,17235,286,2000,Diseases of Heart,"Diseases of heart (I00-I09,I11,I13,I20-I51)",
9,North Carolina,17318,191.4,2006,Cancer,Malignant neoplasms (C00-C97),
31,Utah,17334,712.1,2015,All Causes,All Causes,
8,Georgia,17406,276,2000,Diseases of Heart,"Diseases of heart (I00-I09,I11,I13,I20-I51)",
9,North Carolina,17453,181.3,2008,Cancer,Malignant neoplasms (C00-C97),
9,North Carolina,17478,187.1,2007,Cancer,Malignant neoplasms (C00-C97),
9,North Carolina,17513,176.9,2009,Cancer,Malignant neoplasms (C00-C97),
36,New Mexico,17579,749.6,2014,All Causes,All Causes,
8,Georgia,17597,282.8,1999,Diseases of Heart,"Diseases of heart (I00-I09,I11,I13,I20-I51)",
36,New Mexico,17685,741.5,2015,All Causes,All Causes,
11,New Jersey,17827,198.1,2002,Cancer,Malignant neoplasms (C00-C97),
33,Nevada,17929,887.6,2004,All Causes,All Causes,
11,New Jersey,17957,197.3,2003,Cancer,Malignant neoplasms (C00-C97),
18,Missouri,17974,300.5,1999,Diseases of Heart,"Diseases of heart (I00-I09,I11,I13,I20-I51)",
9,North Carolina,18061,179,2010,Cancer,Malignant neoplasms (C00-C97),
11,New Jersey,18073,205.9,2000,Cancer,Malignant neoplasms (C00-C97),
11,New Jersey,18165,204.4,2001,Cancer,Malignant neoplasms (C00-C97),
11,New Jersey,18178,209.3,1999,Cancer,Malignant neoplasms (C00-C97),
33,Nevada,18687,822,2007,All Causes,All Causes,
33,Nevada,18872,864.7,2006,All Causes,All Causes,
33,Nevada,19029,904.8,2005,All Causes,All Causes,
33,Nevada,19224,794.6,2009,All Causes,All Causes,
33,Nevada,19335,828.7,2008,All Causes,All Causes,
33,Nevada,19623,795.4,2010,All Causes,All Causes,
10,Michigan,19689,199.9,2001,Cancer,Malignant neoplasms (C00-C97),
10,Michigan,19744,205.2,1999,Cancer,Malignant neoplasms (C00-C97),
10,Michigan,19798,204,2000,Cancer,Malignant neoplasms (C00-C97),
10,Michigan,19985,199.9,2002,Cancer,Malignant neoplasms (C00-C97),
10,Michigan,20087,186.4,2007,Cancer,Malignant neoplasms (C00-C97),
10,Michigan,20192,190.5,2006,Cancer,Malignant neoplasms (C00-C97),
10,Michigan,20211,184.4,2008,Cancer,Malignant neoplasms (C00-C97),
10,Michigan,20257,182.2,2009,Cancer,Malignant neoplasms (C00-C97),
33,Nevada,20343,789.7,2011,All Causes,All Causes,
10,Michigan,20620,182.9,2010,Cancer,Malignant neoplasms (C00-C97),
38,West Virginia,20672,947.5,2006,All Causes,All Causes,
38,West Virginia,20780,965.1,2005,All Causes,All Causes,
33,Nevada,20785,774.6,2012,All Causes,All Causes,
38,West Virginia,20793,973,2004,All Causes,All Causes,
38,West Virginia,21049,1012.3,1999,All Causes,All Causes,
38,West Virginia,21086,954.2,2007,All Causes,All Causes,
38,West Virginia,21114,1011.1,2000,All Causes,All Causes,
38,West Virginia,21275,933.6,2010,All Causes,All Causes,
38,West Virginia,21386,947.7,2009,All Causes,All Causes,
33,Nevada,21468,769.8,2013,All Causes,All Causes,
38,West Virginia,21557,964.3,2008,All Causes,All Causes,
33,Nevada,21793,749.2,2014,All Causes,All Causes,
38,West Virginia,21843,923.8,2013,All Causes,All Causes,
38,West Virginia,21867,953.2,2011,All Causes,All Causes,
38,West Virginia,21915,939.3,2012,All Causes,All Causes,
38,West Virginia,22186,929.1,2014,All Causes,All Causes,
38,West Virginia,22752,943.4,2015,All Causes,All Causes,
33,Nevada,22879,757.2,2015,All Causes,All Causes,
35,Kansas,24024,757.8,2009,All Causes,All Causes,
6,Illinois,24070,178.6,2010,Cancer,Malignant neoplasms (C00-C97),
6,Illinois,24084,188.7,2006,Cancer,Malignant neoplasms (C00-C97),
6,Illinois,24115,186.6,2007,Cancer,Malignant neoplasms (C00-C97),
6,Illinois,24185,181.8,2009,Cancer,Malignant neoplasms (C00-C97),
6,Illinois,24250,192.1,2005,Cancer,Malignant neoplasms (C00-C97),
6,Illinois,24289,194.8,2004,Cancer,Malignant neoplasms (C00-C97),
6,Illinois,24300,185,2008,Cancer,Malignant neoplasms (C00-C97),
6,Illinois,24464,198.2,2003,Cancer,Malignant neoplasms (C00-C97),
35,Kansas,24472,848.1,1999,All Causes,All Causes,
35,Kansas,24502,762.2,2010,All Causes,All Causes,
35,Kansas,24647,844.4,2001,All Causes,All Causes,
35,Kansas,24717,850.5,2000,All Causes,All Causes,
6,Illinois,24778,205.1,2001,Cancer,Malignant neoplasms (C00-C97),
7,Ohio,24804,208.4,2001,Cancer,Malignant neoplasms (C00-C97),
7,Ohio,24988,212,2000,Cancer,Malignant neoplasms (C00-C97),
7,Ohio,24998,191.9,2008,Cancer,Malignant neoplasms (C00-C97),
6,Illinois,25024,210.4,1999,Cancer,Malignant neoplasms (C00-C97),
7,Ohio,25083,187.7,2010,Cancer,Malignant neoplasms (C00-C97),
35,Kansas,25116,767.2,2011,All Causes,All Causes,
35,Kansas,25145,761,2012,All Causes,All Causes,
7,Ohio,25149,190.5,2009,Cancer,Malignant neoplasms (C00-C97),
7,Ohio,25230,196.3,2007,Cancer,Malignant neoplasms (C00-C97),
7,Ohio,25233,215.4,1999,Cancer,Malignant neoplasms (C00-C97),
6,Illinois,25365,212,2000,Cancer,Malignant neoplasms (C00-C97),
35,Kansas,25414,757.7,2013,All Causes,All Causes,
35,Kansas,25793,759.3,2014,All Causes,All Causes,
35,Kansas,26664,774.1,2015,All Causes,All Causes,
10,Michigan,26896,276.4,2001,Diseases of Heart,"Diseases of heart (I00-I09,I11,I13,I20-I51)",
30,Iowa,26897,738.3,2004,All Causes,All Causes,
21,Colorado,27114,801.8,1999,All Causes,All Causes,
30,Iowa,27221,724.2,2007,All Causes,All Causes,
21,Colorado,27288,792.1,2000,All Causes,All Causes,
10,Michigan,27325,285.9,2000,Diseases of Heart,"Diseases of heart (I00-I09,I11,I13,I20-I51)",
30,Iowa,27362,736.1,2006,All Causes,All Causes,
30,Iowa,27544,723,2009,All Causes,All Causes,
10,Michigan,27693,292.9,1999,Diseases of Heart,"Diseases of heart (I00-I09,I11,I13,I20-I51)",
30,Iowa,27745,721.7,2010,All Causes,All Causes,
30,Iowa,27811,757.5,2005,All Causes,All Causes,
32,Arkansas,27901,909.5,2006,All Causes,All Causes,
32,Arkansas,27925,975.3,1999,All Causes,All Causes,
32,Arkansas,28055,931.5,2005,All Causes,All Causes,
30,Iowa,28060,794.7,2000,All Causes,All Causes,
30,Iowa,28184,722.7,2011,All Causes,All Causes,
34,Mississippi,28185,1043.4,1999,All Causes,All Causes,
32,Arkansas,28191,906.2,2007,All Causes,All Causes,
32,Arkansas,28217,977.1,2000,All Causes,All Causes,
34,Mississippi,28255,973.3,2007,All Causes,All Causes,
34,Mississippi,28259,1034.3,2001,All Causes,All Causes,
34,Mississippi,28275,950.5,2009,All Causes,All Causes,
21,Colorado,28294,796.1,2001,All Causes,All Causes,
30,Iowa,28389,718.3,2012,All Causes,All Causes,
30,Iowa,28411,806.4,1999,All Causes,All Causes,
30,Iowa,28541,752.6,2008,All Causes,All Causes,
34,Mississippi,28564,999.1,2006,All Causes,All Causes,
29,Connecticut,28585,659.3,2009,All Causes,All Causes,
29,Connecticut,28651,680.5,2007,All Causes,All Causes,
34,Mississippi,28654,1051.9,2000,All Causes,All Causes,
32,Arkansas,28673,896.4,2009,All Causes,All Causes,
29,Connecticut,28692,652.9,2010,All Causes,All Causes,
29,Connecticut,28794,671.9,2008,All Causes,All Causes,
5,Pennsylvania,28881,182.5,2009,Cancer,Malignant neoplasms (C00-C97),
32,Arkansas,28916,892.7,2010,All Causes,All Causes,
30,Iowa,28948,723.7,2013,All Causes,All Causes,
5,Pennsylvania,28964,184.7,2008,Cancer,Malignant neoplasms (C00-C97),
34,Mississippi,28965,962,2010,All Causes,All Causes,
34,Mississippi,28984,982.8,2008,All Causes,All Causes,
5,Pennsylvania,29014,186.9,2007,Cancer,Malignant neoplasms (C00-C97),
5,Pennsylvania,29172,190.5,2006,Cancer,Malignant neoplasms (C00-C97),
30,Iowa,29190,722.9,2014,All Causes,All Causes,
21,Colorado,29210,804.4,2002,All Causes,All Causes,
29,Connecticut,29260,704.6,2006,All Causes,All Causes,
34,Mississippi,29278,956.1,2011,All Causes,All Causes,
29,Connecticut,29316,648.2,2012,All Causes,All Causes,
32,Arkansas,29322,927.3,2008,All Causes,All Causes,
27,Oregon,29422,837.6,1999,All Causes,All Causes,
5,Pennsylvania,29424,196.1,2004,Cancer,Malignant neoplasms (C00-C97),
29,Connecticut,29446,783.2,1999,All Causes,All Causes,
21,Colorado,29506,792,2003,All Causes,All Causes,
29,Connecticut,29526,660.6,2011,All Causes,All Causes,
34,Mississippi,29544,942.9,2012,All Causes,All Causes,
27,Oregon,29552,830.9,2000,All Causes,All Causes,
30,Iowa,29600,724.6,2015,All Causes,All Causes,
5,Pennsylvania,29616,195.6,2005,Cancer,Malignant neoplasms (C00-C97),
29,Connecticut,29632,646.3,2013,All Causes,All Causes,
32,Arkansas,29653,895.3,2011,All Causes,All Causes,
5,Pennsylvania,29841,200,2003,Cancer,Malignant neoplasms (C00-C97),
29,Connecticut,29860,646.5,2014,All Causes,All Causes,
32,Arkansas,30117,897.5,2012,All Causes,All Causes,
29,Connecticut,30129,793,2000,All Causes,All Causes,
27,Oregon,30158,830.5,2001,All Causes,All Causes,
5,Pennsylvania,30312,209.5,1999,Cancer,Malignant neoplasms (C00-C97),
32,Arkansas,30437,893.8,2013,All Causes,All Causes,
32,Arkansas,30467,883.7,2014,All Causes,All Causes,
29,Connecticut,30535,656.1,2015,All Causes,All Causes,
34,Mississippi,30557,937.6,2014,All Causes,All Causes,
34,Mississippi,30703,959.6,2013,All Causes,All Causes,
27,Oregon,31119,839.6,2002,All Causes,All Causes,
21,Colorado,31173,689.7,2009,All Causes,All Causes,
21,Colorado,31274,715.8,2008,All Causes,All Causes,
27,Oregon,31380,773.3,2006,All Causes,All Causes,
27,Oregon,31403,756,2007,All Causes,All Causes,
21,Colorado,31465,682.7,2010,All Causes,All Causes,
32,Arkansas,31617,901.8,2015,All Causes,All Causes,
27,Oregon,31636,728.4,2009,All Causes,All Causes,
34,Mississippi,31783,963.7,2015,All Causes,All Causes,
27,Oregon,31890,723.1,2010,All Causes,All Causes,
27,Oregon,31967,753.2,2008,All Causes,All Causes,
21,Colorado,32563,677.8,2011,All Causes,All Causes,
7,Ohio,32722,279.2,2000,Diseases of Heart,"Diseases of heart (I00-I09,I11,I13,I20-I51)",
2,Texas,32755,196.1,1999,Cancer,Malignant neoplasms (C00-C97),
27,Oregon,32759,706.6,2012,All Causes,All Causes,
27,Oregon,32788,724.1,2011,All Causes,All Causes,
21,Colorado,33133,665.6,2012,All Causes,All Causes,
7,Ohio,33192,285.7,1999,Diseases of Heart,"Diseases of heart (I00-I09,I11,I13,I20-I51)",
2,Texas,33300,196.3,2000,Cancer,Malignant neoplasms (C00-C97),
6,Illinois,33387,279.1,1999,Diseases of Heart,"Diseases of heart (I00-I09,I11,I13,I20-I51)",
2,Texas,33488,192.6,2001,Cancer,Malignant neoplasms (C00-C97),
21,Colorado,33712,655.4,2013,All Causes,All Causes,
27,Oregon,33939,717.5,2013,All Causes,All Causes,
27,Oregon,34151,706.7,2014,All Causes,All Causes,
28,Oklahoma,34483,945.6,2004,All Causes,All Causes,
28,Oklahoma,34682,968.5,2001,All Causes,All Causes,
28,Oklahoma,34700,979,1999,All Causes,All Causes,
2,Texas,35074,171.9,2007,Cancer,Malignant neoplasms (C00-C97),
28,Oklahoma,35079,983,2000,All Causes,All Causes,
4,New York,35216,164.2,2009,Cancer,Malignant neoplasms (C00-C97),
21,Colorado,35237,664.4,2014,All Causes,All Causes,
4,New York,35284,170.9,2006,Cancer,Malignant neoplasms (C00-C97),
4,New York,35351,166.9,2008,Cancer,Malignant neoplasms (C00-C97),
4,New York,35431,163.1,2010,Cancer,Malignant neoplasms (C00-C97),
4,New York,35485,169.8,2007,Cancer,Malignant neoplasms (C00-C97),
28,Oklahoma,35502,986.4,2002,All Causes,All Causes,
4,New York,35556,173.4,2005,Cancer,Malignant neoplasms (C00-C97),
2,Texas,35591,164.4,2009,Cancer,Malignant neoplasms (C00-C97),
28,Oklahoma,35601,903.8,2009,All Causes,All Causes,
27,Oregon,35705,722.3,2015,All Causes,All Causes,
2,Texas,35713,169.9,2008,Cancer,Malignant neoplasms (C00-C97),
28,Oklahoma,35721,986.5,2003,All Causes,All Causes,
23,South Carolina,36053,973.5,1999,All Causes,All Causes,
4,New York,36100,177.8,2004,Cancer,Malignant neoplasms (C00-C97),
4,New York,36238,180.2,2003,Cancer,Malignant neoplasms (C00-C97),
21,Colorado,36349,665,2015,All Causes,All Causes,
28,Oklahoma,36529,915.5,2010,All Causes,All Causes,
23,South Carolina,36612,949.6,2001,All Causes,All Causes,
28,Oklahoma,36870,891.5,2012,All Causes,All Causes,
23,South Carolina,36948,980.2,2000,All Causes,All Causes,
28,Oklahoma,37175,910.9,2011,All Causes,All Causes,
4,New York,37198,192.2,2000,Cancer,Malignant neoplasms (C00-C97),
23,South Carolina,37276,909.5,2004,All Causes,All Causes,
4,New York,37609,196.6,1999,Cancer,Malignant neoplasms (C00-C97),
22,Minnesota,37620,720.9,2003,All Causes,All Causes,
22,Minnesota,37690,760.7,2000,All Causes,All Causes,
22,Minnesota,37735,748.2,2001,All Causes,All Causes,
22,Minnesota,37851,652.1,2009,All Causes,All Causes,
28,Oklahoma,38384,910.7,2013,All Causes,All Causes,
28,Oklahoma,38464,897.5,2014,All Causes,All Causes,
3,Florida,38478,190.6,1999,Cancer,Malignant neoplasms (C00-C97),
22,Minnesota,38499,674,2008,All Causes,All Causes,
22,Minnesota,38510,751.3,2002,All Causes,All Causes,
22,Minnesota,38537,784.5,1999,All Causes,All Causes,
23,South Carolina,38707,920.9,2005,All Causes,All Causes,
23,South Carolina,38761,886.8,2006,All Causes,All Causes,
22,Minnesota,38972,661.5,2010,All Causes,All Causes,
3,Florida,39090,187.4,2001,Cancer,Malignant neoplasms (C00-C97),
3,Florida,39183,191.6,2000,Cancer,Malignant neoplasms (C00-C97),
26,Kentucky,39321,1004.1,1999,All Causes,All Causes,
28,Oklahoma,39422,904.3,2015,All Causes,All Causes,
23,South Carolina,39439,873.9,2007,All Causes,All Causes,
26,Kentucky,39504,998.6,2000,All Causes,All Causes,
22,Minnesota,39820,659.2,2011,All Causes,All Causes,
26,Kentucky,39861,997.1,2001,All Causes,All Causes,
25,Louisiana,39966,937.5,2007,All Causes,All Causes,
22,Minnesota,40016,649.5,2012,All Causes,All Causes,
25,Louisiana,40045,960.5,2006,All Causes,All Causes,
14,Arizona,40050,818.4,1999,All Causes,All Causes,
3,Florida,40088,169.8,2007,Cancer,Malignant neoplasms (C00-C97),
26,Kentucky,40090,915.3,2007,All Causes,All Causes,
25,Louisiana,40282,907.8,2009,All Causes,All Causes,
23,South Carolina,40289,867,2008,All Causes,All Causes,
3,Florida,40415,174.6,2006,Cancer,Malignant neoplasms (C00-C97),
23,South Carolina,40449,846.9,2009,All Causes,All Causes,
14,Arizona,40500,810.4,2000,All Causes,All Causes,
3,Florida,40592,178.4,2005,Cancer,Malignant neoplasms (C00-C97),
25,Louisiana,40667,903.8,2010,All Causes,All Causes,
26,Kentucky,40697,1009.7,2002,All Causes,All Causes,
3,Florida,40814,169.5,2008,Cancer,Malignant neoplasms (C00-C97),
25,Louisiana,40890,886.6,2011,All Causes,All Causes,
3,Florida,40932,166.6,2009,Cancer,Malignant neoplasms (C00-C97),
22,Minnesota,40987,651,2013,All Causes,All Causes,
14,Arizona,41058,795.9,2001,All Causes,All Causes,
25,Louisiana,41220,946,2008,All Causes,All Causes,
25,Louisiana,41238,1021.6,1999,All Causes,All Causes,
26,Kentucky,41329,926.7,2008,All Causes,All Causes,
26,Kentucky,41380,912.5,2009,All Causes,All Causes,
22,Minnesota,41445,647,2014,All Causes,All Causes,
3,Florida,41467,165.6,2010,Cancer,Malignant neoplasms (C00-C97),
23,South Carolina,41614,854.8,2010,All Causes,All Causes,
5,Pennsylvania,41707,281.7,1999,Diseases of Heart,"Diseases of heart (I00-I09,I11,I13,I20-I51)",
26,Kentucky,41983,915,2010,All Causes,All Causes,
23,South Carolina,42072,839.5,2011,All Causes,All Causes,
25,Louisiana,42215,989.4,2004,All Causes,All Causes,
25,Louisiana,42320,898.6,2012,All Causes,All Causes,
26,Kentucky,42626,910.3,2011,All Causes,All Causes,
25,Louisiana,42719,1013.7,2003,All Causes,All Causes,
22,Minnesota,42800,653.8,2015,All Causes,All Causes,
14,Arizona,42816,811.2,2002,All Causes,All Causes,
19,Maryland,43089,907,1999,All Causes,All Causes,
23,South Carolina,43198,835.2,2012,All Causes,All Causes,
19,Maryland,43232,823.7,2004,All Causes,All Causes,
25,Louisiana,43270,897.7,2013,All Causes,All Causes,
19,Maryland,43325,728.6,2010,All Causes,All Causes,
14,Arizona,43392,798.4,2003,All Causes,All Causes,
19,Maryland,43582,795.9,2006,All Causes,All Causes,
26,Kentucky,43664,916.3,2012,All Causes,All Causes,
25,Louisiana,43716,874.2,2015,All Causes,All Causes,
19,Maryland,43745,715.8,2011,All Causes,All Causes,
19,Maryland,43753,908.9,2000,All Causes,All Causes,
19,Maryland,43757,784,2007,All Causes,All Causes,
26,Kentucky,43759,899.9,2013,All Causes,All Causes,
19,Maryland,43839,888,2001,All Causes,All Causes,
19,Maryland,43843,750.2,2009,All Causes,All Causes,
13,Washington,43865,815.1,1999,All Causes,All Causes,
25,Louisiana,43869,894.2,2014,All Causes,All Causes,
19,Maryland,43892,818.1,2005,All Causes,All Causes,
19,Maryland,43892,769.6,2008,All Causes,All Causes,
13,Washington,43941,804.6,2000,All Causes,All Causes,
25,Louisiana,44355,1023.7,2005,All Causes,All Causes,
19,Maryland,44477,709.1,2012,All Causes,All Causes,
23,South Carolina,44582,837.8,2013,All Causes,All Causes,
13,Washington,44642,799.4,2001,All Causes,All Causes,
13,Washington,44770,751.9,2004,All Causes,All Causes,
24,Alabama,44806,1009.3,1999,All Causes,All Causes,
26,Kentucky,44838,906.3,2014,All Causes,All Causes,
24,Alabama,45062,1004.8,2000,All Causes,All Causes,
24,Alabama,45316,1002.1,2001,All Causes,All Causes,
13,Washington,45338,795,2002,All Causes,All Causes,
23,South Carolina,45454,829.1,2014,All Causes,All Causes,
14,Arizona,45554,731,2007,All Causes,All Causes,
19,Maryland,45689,710.4,2013,All Causes,All Causes,
20,Wisconsin,45697,703,2009,All Causes,All Causes,
14,Arizona,45816,693.8,2009,All Causes,All Causes,
14,Arizona,45823,714.5,2008,All Causes,All Causes,
19,Maryland,45867,699.5,2014,All Causes,All Causes,
13,Washington,45920,789.2,2003,All Causes,All Causes,
24,Alabama,46069,1013.4,2002,All Causes,All Causes,
13,Washington,46120,731.2,2006,All Causes,All Causes,
20,Wisconsin,46153,745.3,2006,All Causes,All Causes,
13,Washington,46203,757.6,2005,All Causes,All Causes,
20,Wisconsin,46241,734.2,2007,All Causes,All Causes,
14,Arizona,46365,767.1,2006,All Causes,All Causes,
20,Wisconsin,46461,820.1,2000,All Causes,All Causes,
26,Kentucky,46564,924.7,2015,All Causes,All Causes,
20,Wisconsin,46672,831.5,1999,All Causes,All Causes,
24,Alabama,46696,957.2,2007,All Causes,All Causes,
20,Wisconsin,46709,765.9,2005,All Causes,All Causes,
24,Alabama,46716,1020.2,2003,All Causes,All Causes,
14,Arizona,46762,693.1,2010,All Causes,All Causes,
20,Wisconsin,46815,730.3,2008,All Causes,All Causes,
23,South Carolina,47198,840,2015,All Causes,All Causes,
19,Maryland,47247,705.7,2015,All Causes,All Causes,
20,Wisconsin,47308,719,2010,All Causes,All Causes,
13,Washington,47323,731.9,2007,All Causes,All Causes,
24,Alabama,47470,940.2,2009,All Causes,All Causes,
24,Alabama,47707,959.7,2008,All Causes,All Causes,
24,Alabama,48038,939.7,2010,All Causes,All Causes,
14,Arizona,48381,688.9,2011,All Causes,All Causes,
20,Wisconsin,48384,707.8,2012,All Causes,All Causes,
20,Wisconsin,48410,721.1,2011,All Causes,All Causes,
24,Alabama,48681,933.6,2011,All Causes,All Causes,
24,Alabama,49301,926.7,2012,All Causes,All Causes,
14,Arizona,49549,682.9,2012,All Causes,All Causes,
13,Washington,49691,690.4,2011,All Causes,All Causes,
20,Wisconsin,50026,720.1,2013,All Causes,All Causes,
13,Washington,50105,681.5,2012,All Causes,All Causes,
24,Alabama,50189,925.2,2013,All Causes,All Causes,
24,Alabama,50215,909.1,2014,All Causes,All Causes,
20,Wisconsin,50291,712.1,2014,All Causes,All Causes,
14,Arizona,50534,674.2,2013,All Causes,All Causes,
20,Wisconsin,51264,715.9,2015,All Causes,All Causes,
13,Washington,51264,679.3,2013,All Causes,All Causes,
14,Arizona,51538,661.7,2014,All Causes,All Causes,
24,Alabama,51909,924.5,2015,All Causes,All Causes,
13,Washington,52099,672.9,2014,All Causes,All Causes,
15,Massachusetts,52308,681.4,2009,All Causes,All Causes,
15,Massachusetts,52583,675,2010,All Causes,All Causes,
15,Massachusetts,52917,709.8,2007,All Causes,All Causes,
1,California,53067,184.9,1999,Cancer,Malignant neoplasms (C00-C97),
1,California,53158,182.1,2000,Cancer,Malignant neoplasms (C00-C97),
15,Massachusetts,53177,657.9,2012,All Causes,All Causes,
15,Massachusetts,53450,726.8,2006,All Causes,All Causes,
15,Massachusetts,53518,706.1,2008,All Causes,All Causes,
15,Massachusetts,53710,676.3,2011,All Causes,All Causes,
16,Tennessee,53765,980.4,1999,All Causes,All Causes,
1,California,53924,180.2,2001,Cancer,Malignant neoplasms (C00-C97),
17,Indiana,54000,817.1,2007,All Causes,All Causes,
1,California,54143,177.3,2002,Cancer,Malignant neoplasms (C00-C97),
18,Missouri,54166,837.7,2007,All Causes,All Causes,
17,Indiana,54211,864.1,2004,All Causes,All Causes,
18,Missouri,54263,815.3,2009,All Causes,All Causes,
14,Arizona,54299,671.8,2015,All Causes,All Causes,
15,Massachusetts,54567,663.5,2013,All Causes,All Causes,
13,Washington,54595,687.4,2015,All Causes,All Causes,
18,Missouri,54681,859,2006,All Causes,All Causes,
1,California,54686,158.8,2008,Cancer,Malignant neoplasms (C00-C97),
18,Missouri,54865,920.8,2000,All Causes,All Causes,
18,Missouri,54982,913.4,2001,All Causes,All Causes,
15,Massachusetts,55200,663,2014,All Causes,All Causes,
16,Tennessee,55246,996.9,2000,All Causes,All Causes,
18,Missouri,55281,819.5,2010,All Causes,All Causes,
17,Indiana,55303,934.7,1999,All Causes,All Causes,
12,Virginia,55320,889.6,1999,All Causes,All Causes,
17,Indiana,55622,856.8,2006,All Causes,All Causes,
17,Indiana,55675,874.3,2005,All Causes,All Causes,
16,Tennessee,55829,952.8,2004,All Causes,All Causes,
15,Massachusetts,55840,814.1,1999,All Causes,All Causes,
18,Missouri,55848,812,2011,All Causes,All Causes,
18,Missouri,55931,945,1999,All Causes,All Causes,
17,Indiana,55968,902.2,2003,All Causes,All Causes,
17,Indiana,55973,820.6,2009,All Causes,All Causes,
1,California,55991,158.8,2009,Cancer,Malignant neoplasms (C00-C97),
18,Missouri,56094,803,2012,All Causes,All Causes,
12,Virginia,56280,869.9,2001,All Causes,All Causes,
12,Virginia,56282,890.4,2000,All Causes,All Causes,
1,California,56453,156.9,2010,Cancer,Malignant neoplasms (C00-C97),
18,Missouri,56578,861.3,2008,All Causes,All Causes,
4,New York,56643,284.9,2001,Diseases of Heart,"Diseases of heart (I00-I09,I11,I13,I20-I51)",
4,New York,56672,281.4,2002,Diseases of Heart,"Diseases of heart (I00-I09,I11,I13,I20-I51)",
15,Massachusetts,56681,817.9,2000,All Causes,All Causes,
17,Indiana,56743,820.6,2010,All Causes,All Causes,
17,Indiana,56752,843.8,2008,All Causes,All Causes,
15,Massachusetts,56754,811.4,2001,All Causes,All Causes,
16,Tennessee,56838,921.2,2006,All Causes,All Causes,
15,Massachusetts,56928,806,2002,All Causes,All Causes,
16,Tennessee,57087,905.4,2007,All Causes,All Causes,
12,Virginia,57196,865.9,2002,All Causes,All Causes,
16,Tennessee,57260,956.6,2005,All Causes,All Causes,
18,Missouri,57444,807.7,2013,All Causes,All Causes,
4,New York,57474,293.8,2000,Diseases of Heart,"Diseases of heart (I00-I09,I11,I13,I20-I51)",
12,Virginia,57690,795,2006,All Causes,All Causes,
15,Massachusetts,57806,684.8,2015,All Causes,All Causes,
17,Indiana,58202,825.1,2011,All Causes,All Causes,
12,Virginia,58225,784,2007,All Causes,All Causes,
12,Virginia,58282,863.3,2003,All Causes,All Causes,
16,Tennessee,58288,885.6,2009,All Causes,All Causes,
18,Missouri,58320,807,2014,All Causes,All Causes,
12,Virginia,58653,750.8,2009,All Causes,All Causes,
16,Tennessee,58820,913.4,2008,All Causes,All Causes,
4,New York,58987,306.1,1999,Diseases of Heart,"Diseases of heart (I00-I09,I11,I13,I20-I51)",
12,Virginia,59032,741.6,2010,All Causes,All Causes,
12,Virginia,59100,776.7,2008,All Causes,All Causes,
17,Indiana,59332,827.5,2012,All Causes,All Causes,
16,Tennessee,59578,890.8,2010,All Causes,All Causes,
18,Missouri,59871,816.9,2015,All Causes,All Causes,
16,Tennessee,60541,879,2011,All Causes,All Causes,
17,Indiana,60716,832.2,2013,All Causes,All Causes,
12,Virginia,60804,741.6,2011,All Causes,All Causes,
17,Indiana,60940,822.3,2014,All Causes,All Causes,
12,Virginia,61564,730.2,2012,All Causes,All Causes,
16,Tennessee,61956,880.6,2012,All Causes,All Causes,
8,Georgia,62028,964.9,1999,All Causes,All Causes,
17,Indiana,62713,833.9,2015,All Causes,All Causes,0
12,Virginia,62716,724.8,2013,All Causes,All Causes,0.01081081
16,Tennessee,63406,881.1,2013,All Causes,All Causes,0.01261261
12,Virginia,63598,717.5,2014,All Causes,All Causes,0.01351351
8,Georgia,63870,981,2000,All Causes,All Causes,0.01261261
16,Tennessee,64661,880,2014,All Causes,All Causes,0.01261261
12,Virginia,65577,721.6,2015,All Causes,All Causes,0.01441441
16,Tennessee,66570,886.4,2015,All Causes,All Causes,0.01351351
8,Georgia,67808,890.2,2006,All Causes,All Causes,0.01801802
8,Georgia,68331,872,2007,All Causes,All Causes,0.02342342
11,New Jersey,69495,691.1,2010,All Causes,All Causes,0.02162162
9,North Carolina,69600,933,1999,All Causes,All Causes,0.01351351
8,Georgia,69640,864.1,2008,All Causes,All Causes,0.01531532
8,Georgia,69712,842.3,2009,All Causes,All Causes,0.02522523
11,New Jersey,70356,744.9,2006,All Causes,All Causes,0.01981982
11,New Jersey,70534,677.6,2012,All Causes,All Causes,0.01711712
11,New Jersey,70558,690.6,2011,All Causes,All Causes,0.01351351
8,Georgia,71248,815.7,2011,All Causes,All Causes,0.02702703
8,Georgia,71263,845.4,2010,All Causes,All Causes,0.02162162
11,New Jersey,71316,665.7,2014,All Causes,All Causes,0.02252252
11,New Jersey,71371,775.8,2004,All Causes,All Causes,0.01801802
11,New Jersey,71403,676.4,2013,All Causes,All Causes,0.02072072
9,North Carolina,71935,952.7,2000,All Causes,All Causes,0.01801802
11,New Jersey,71963,772.4,2005,All Causes,All Causes,0.02522523
11,New Jersey,72271,666,2015,All Causes,All Causes,0.02072072
9,North Carolina,72384,876.1,2004,All Causes,All Causes,0.02342342
8,Georgia,72847,808.6,2012,All Causes,All Causes,0.02342342
9,North Carolina,73459,909,2003,All Causes,All Causes,0.02522523
11,New Jersey,73689,807.8,2003,All Causes,All Causes,0.02252252
11,New Jersey,73981,853.7,1999,All Causes,All Causes,0.01891892
11,New Jersey,74009,821.7,2002,All Causes,All Causes,0.01891892
9,North Carolina,74638,881.3,2005,All Causes,All Causes,0.01711712
11,New Jersey,74710,840.3,2001,All Causes,All Causes,0.02252252
9,North Carolina,74716,849.3,2006,All Causes,All Causes,0.02162162
11,New Jersey,74800,852.6,2000,All Causes,All Causes,0.02252252
8,Georgia,75088,806.2,2013,All Causes,All Causes,0.03063063
9,North Carolina,76046,838.5,2007,All Causes,All Causes,0.02072072
8,Georgia,76887,801.9,2014,All Causes,All Causes,0.02522523
9,North Carolina,77117,804.3,2009,All Causes,All Causes,0.02702703
9,North Carolina,77283,828.1,2008,All Causes,All Causes,0.02162162
9,North Carolina,78773,804.9,2010,All Causes,All Causes,0.02072072
9,North Carolina,79882,790.9,2011,All Causes,All Causes,0.02342342
8,Georgia,79942,808.1,2015,All Causes,All Causes,0.03063063
9,North Carolina,81925,786.4,2012,All Causes,All Causes,0.02072072
9,North Carolina,83329,777.6,2013,All Causes,All Causes,0.01711712
9,North Carolina,85367,775.9,2014,All Causes,All Causes,0.02252252
10,Michigan,86042,816,2006,All Causes,All Causes,0.01981982
10,Michigan,86424,884,2001,All Causes,All Causes,0.01891892
10,Michigan,86455,783.1,2009,All Causes,All Causes,0.02072072
10,Michigan,86721,808.1,2007,All Causes,All Causes,0.01531532
10,Michigan,86953,904.2,2000,All Causes,All Causes,0.01711712